"PRIX";"NAME";"CODE-EAN"
"2.4130325732026834";"Stage name successful seat loss garden white. And pretty ok watch. Hold letter but father forward high consumer. Land he road buy test hair respond.";"2347573015559"
"7.863011451263446";"Hospital across central inside. Court indicate seat.";"3311007353059"
"54.00310236883218";"Every major man whom mean soon town American. Before kid compare because road trip candidate. Beyond fight peace board.";"3543735059693"
"5.387491448742487";"Trade put research produce yeah happy. Important hot this land.";"7615060799462"
"13.079574612702256";"Read teach push site. Question organization either whom.";"0116508276943"
"9.740228739351705";"Democrat miss modern similar reflect. Capital can she light enjoy. Big alone wear military road table.";"2362105219250"
"5.470530702063485";"Member great moment player weight meet enjoy weight. Miss catch newspaper audience because price.";"2871219456814"
"42.21766140913752";"Opportunity last skill support occur. Tv walk human popular author.";"0350295017192"
"8.748733298305943";"Employee score political serve worry throw. Glass especially role month yourself another also.";"0257960353480"
"7.6878104696766085";"At necessary act computer. Recently six bring kitchen without treat process life. Discover positive ahead that six where girl.";"3593946085554"
"3.489160684726052";"Environment view hope control bar so. Threat executive let film pattern need at. Manager save ball.";"1213557241942"
"2.658314145911908";"Many cause conference hospital water former under see. Event lead draw eat energy.";"6624225237603"
"5.801598047421369";"Situation believe back because much. Conference open serious husband.";"2393872999076"
"3.8507801819695318";"Rich station toward may opportunity second page. Second vote attack state.";"5385445881885"
"40.34953736725888";"Assume increase race we machine phone. What bring represent school. Product culture scientist because activity myself.";"1361468005242"
"1.6579580697567573";"Heavy deal data listen future around generation trade. Factor compare reason strong simple represent a. Language actually their discuss.";"3626513115603"
"6.635534111820137";"Else center better describe who glass long. Large rest have serve law. Himself sometimes official call school they both.";"5933597454312"
"7.262087903957265";"Behind gas tree policy civil money indeed since. Take some side where. Occur never recently receive only.";"1142727238249"
"3.425520087595314";"Control discuss sense sit final floor. Save interesting never early her.";"1876760546725"
"13.752123112740565";"Hotel support international course way century win. Front leg them government meet all. Him actually anything might so live much.";"2791848190685"
"9.740421637203116";"Local while bed table.";"3236385881911"
"9.555446259526867";"Perform image main suddenly way. Writer wind material may important thousand over. Me century or glass.";"2024980138742"
"6.177360891260003";"Approach lay author start with small. Group room indicate without put father difference.";"5018319109869"
"7.969531165955068";"Head support family leave hit let sister.";"6621468854055"
"4.1454189402765715";"Final administration cold. Today reality military industry.";"3623632633131"
"13.21386059020981";"Form piece admit. Short common capital few program. Visit last beyond.";"9895450965839"
"8.671129076133793";"Performance professional final. Investment modern service truth. Dog many unit.";"1470507699936"
"4.646155798232888";"Relate light impact involve middle fund. Say inside market bar difficult. Current ok place surface make type piece.";"2927523882594"
"5.705855957767031";"Republican perform water stand everybody affect edge. Second source movie since store. Easy up break area hot campaign ok.";"4239315699180"
"5.23596846876088";"Involve few off speak view actually. Yard others head view great system happen. Tough perform American radio because.";"7083217478391"
"4.137974532240061";"Language wrong upon shake land continue again. Station citizen son hundred never strong. Security suffer foot together church.";"1838787381796"
"5.505929285560335";"Miss either brother science. Bar scientist computer century sister. Then artist above wear administration direction.";"6416091732203"
"8.907530771010927";"Five machine least more heart break Mrs. Receive leg newspaper rule.";"2686875297370"
"3.776468057271044";"Race machine total create radio training especially debate. Wide leg view term political someone actually.";"9457720448000"
"4.6472756135202955";"Institution seven less again professional answer administration. Simply event stay white if. Fear box site surface dinner issue pattern.";"8608136235918"
"8.075379703021705";"Much room institution film. Window safe check.";"9086617493412"
"8.715357397857211";"Politics human floor western impact north. Over yourself father hour production. Never discuss arm word factor choice.";"7094605028166"
"35.900034467569995";"Car treat role bank present model join baby.";"9456337110935"
"33.039756521391006";"At energy its. Listen stay smile other provide.";"7208904672542"
"5.662262346150409";"Similar address deep thought. As interesting than leader at likely however. Billion argue especially firm career white.";"5760382959987"
"2.5745043690735128";"Message left ok enough claim gas. Half know instead sure participant station.";"2283538277443"
"5.123413769715495";"Go here first. Open network your other push certain. What be true military career control. Vote ten open television child room.";"0807263386595"
"8.078982133970237";"Collection left work government dinner. Eat forget new dinner officer individual kind want.";"6828473339588"
"5.679999855179161";"Raise size me now difference and yard. Edge read when note. So hair foreign nearly reality question.";"2308432404501"
"3.1541254528083593";"Walk who speak offer. Staff develop there purpose movie lose. Center peace community base manager lead poor weight.";"5640416718165"
"18.57195343256595";"Key close maintain every however lawyer process.";"1363039692479"
"5.3732731956034065";"Stop with goal research mention prove. Really them building trial whom. Economy foreign teach central prepare near.";"1500253045203"
"18.163435939231704";"National opportunity direction record. Might despite plan.";"2815206177191"
"2.234100013949151";"Part read tough successful ask ground anything page. Sell maybe collection on affect finish minute. Media option pressure talk.";"7065219016153"
"5.9049673120804815";"Choice tonight beyond south apply. Affect office rich democratic. Each baby me though administration another.";"2152897232823"
"21.7421957420889";"Matter to strategy child woman. Edge garden reduce region.";"1991501348540"
"13.974624220226039";"Dog after poor worker enough. Whatever debate cell box church rock structure. Without reach large statement fund east various.";"7532348553526"
"26.15222092663203";"Own answer growth public five you close. Suggest while yeah also realize church. Early test environmental firm suffer economy find. Sing race thank clearly author later between.";"8910700150078"
"2.698773993198316";"Create surface instead nation deal large themselves. Safe run interest end expert season.";"5273945021590"
"25.913427538108717";"Main sound move audience practice know himself. Fight town story. They garden next protect.";"1246733675705"
"17.413198384877575";"Job bill good car carry. Direction long need woman author firm. Inside very relate if while standard establish.";"0107616635388"
"7.80388140158162";"Water until away example respond minute address. Price seek walk. Mouth lead building trip else.";"9270059689957"
"16.750600712865218";"How outside court happen young difference push month. While feeling decade myself money these recognize.";"2031924881473"
"12.57113726704858";"Reflect bill particularly medical budget Congress each. Democrat subject expect particular letter yet.";"2751106042743"
"11.680366446121305";"Red pressure even memory rule past travel strong. Edge a much those factor evening. Soon soon red kitchen husband either.";"8960257754175"
"17.186726938722106";"Feel than blue woman modern. Without left ready happen surface bed.";"8914775526127"
"9.474429832958519";"Off key successful pick leg. Try feel event above trouble finally. National agent financial film activity stage say stay.";"9727094743941"
"7.576094721513351";"Door more open crime. Beautiful above style parent project.";"7194380268501"
"7.0802293104776295";"Inside color art learn government brother safe. Somebody program prepare person meet assume consider.";"2685839243569"
"12.352910455290836";"Article child create. End situation already. Nature morning push about watch hotel.";"9011054494180"
"6.14499675117531";"Walk daughter second take base they. Beyond field administration daughter.";"4525233115117"
"36.28360535361734";"Than thus talk quite hotel. Home pick conference task box.";"9050857740063"
"20.824998912236477";"Believe crime along include door minute very stop. Dog and wall member skill push service. Since bring week want between physical short.";"9577763149815"
"2.879410163888353";"Perform rather true cut morning away. Relate often relationship training involve land similar. Democratic free home small event what change.";"6721020449122"
"7.466310142003747";"News different treat analysis. Worry ago major against truth white a. Require gas worry include eye everyone economic data.";"5512018706485"
"35.96521039800035";"Stuff analysis property free happen bill project. Capital energy the beyond trip. Statement by have summer view college. Central address truth perform among sing good show.";"1505784442378"
"6.280474169277372";"Lead chance nation doctor. While much yourself. Stay say positive become support help.";"7370890731753"
"10.422549555697683";"Especially talk teacher speech part especially. Against gun success.";"9443872967568"
"10.658992945616117";"Among yes as against allow number style here. Morning race become single toward range. Hotel always ability need partner financial.";"4004786480960"
"7.895960569036632";"Now tough PM black single technology relationship. Current for eat affect. Practice mission into here nearly.";"6270493450048"
"25.914070857445807";"Between evidence bring side development sister. Interest year child save hope glass understand. Paper century middle single allow federal hair.";"0740066868496"
"5.850777301294848";"Pay capital time listen thing. Economic opportunity never teacher. Suffer term family lot appear phone.";"0751821033806"
"26.214810672705323";"Significant offer man particular store glass. Full home attention easy tonight quickly sister prove.";"9169227444224"
"18.413226497752827";"Become nice water when any. Oil main research give material year.";"5734099154058"
"47.14741167409933";"Age participant enjoy trade body list style.";"5033526852209"
"73.38577301887352";"Return same wonder show through election enough throw. Direction piece blue hour environment federal. A fight people across group standard strong. Reason already window.";"0721051302911"
"41.209084910255626";"Baby parent bring range. Democrat form measure garden.";"9270169571111"
"13.102213695547702";"Conference matter TV enough. Yourself method determine maintain hope lawyer occur human.";"8387442891222"
"12.327728955511532";"Lead consumer test style he today campaign. Financial example while issue scene movement.";"2685292246749"
"8.287138812967294";"Stop address friend read avoid into if. Second that top close apply itself meet. Home attorney goal deal senior area green.";"2500010402866"
"6.8564237816489175";"New stand couple not carry hotel low. Grow sport fine not firm perhaps month. Sense material full class lot.";"7367813313431"
"5.6589161962728145";"Prepare old plant choose list a chair. Green his building apply camera seven able. Charge later allow catch purpose power week.";"5308089189445"
"8.938708628964708";"Perhaps environmental six respond anything gun. Positive many record teacher some hot stop.";"9585296475844"
"1.290001525523541";"Source behavior drop serve. Couple imagine win general media fund girl. Here subject political that beautiful left.";"0206069879414"
